function_name,size,time_seconds
ijk_matmul,2,5e-07
ijk_matmul,4,8.75e-07
ijk_matmul,16,3.5958e-05
ijk_matmul,256,0.0460491
ijk_matmul,1,1.67e-07
ijk_matmul,2,3.33e-07
ijk_matmul,4,8.33e-07
ijk_matmul,8,4.875e-06
ijk_matmul,16,3.5667e-05
ijk_matmul,32,0.000293834
ijk_matmul,64,0.0022645
ijk_matmul,128,0.00966779
ijk_matmul,256,0.042468
ijk_matmul,512,0.32931
ijk_matmul,1,1.25e-07
ijk_matmul,2,2.5e-07
ijk_matmul,4,6.25e-07
ijk_matmul,8,3.708e-06
ijk_matmul,16,2.5541e-05
ijk_matmul,32,0.000191083
ijk_matmul,64,0.00139596
ijk_matmul,128,0.00862642
ijk_matmul,256,0.0418197
ijk_matmul,512,0.339126
ijk_matmul,1,3.34e-07
ijk_matmul,2,2.92e-07
ijk_matmul,3,3.75e-07
ijk_matmul,4,5.83e-07
ijk_matmul,5,1.084e-06
ijk_matmul,6,1.625e-06
ijk_matmul,7,2.458e-06
ijk_matmul,8,3.541e-06
ijk_matmul,9,4.375e-06
ijk_matmul,10,5.959e-06
ijk_matmul,11,7.792e-06
ijk_matmul,12,1.0041e-05
ijk_matmul,13,1.2709e-05
ijk_matmul,14,1.5792e-05
ijk_matmul,15,1.9083e-05
ijk_matmul,16,2.3542e-05
ijk_matmul,17,2.5625e-05
ijk_matmul,18,3.05e-05
ijk_matmul,19,3.8958e-05
ijk_matmul,20,4.4666e-05
ijk_matmul,21,8.6208e-05
ijk_matmul,22,6.3125e-05
ijk_matmul,23,6.7792e-05
ijk_matmul,24,8.3875e-05
ijk_matmul,25,8.6292e-05
ijk_matmul,26,9.7041e-05
ijk_matmul,27,9.9833e-05
ijk_matmul,28,0.000111584
ijk_matmul,29,0.00012325
ijk_matmul,30,0.000135792
ijk_matmul,31,0.000149708
ijk_matmul,32,0.000181792
ijk_matmul,33,0.0001945
ijk_matmul,34,0.000185875
ijk_matmul,35,0.0002025
ijk_matmul,36,0.000220417
ijk_matmul,37,0.000231541
ijk_matmul,38,0.00022025
ijk_matmul,39,0.000279667
ijk_matmul,40,0.000313542
ijk_matmul,41,0.000347042
ijk_matmul,42,0.000370417
ijk_matmul,43,0.000340583
ijk_matmul,44,0.000380416
ijk_matmul,45,0.000394292
ijk_matmul,46,0.000409125
ijk_matmul,47,0.000468042
ijk_matmul,48,0.000467292
ijk_matmul,49,0.000498875
ijk_matmul,50,0.000442459
ijk_matmul,51,0.00047275
ijk_matmul,52,0.000499
ijk_matmul,53,0.000533833
ijk_matmul,54,0.000564541
ijk_matmul,55,0.000591458
ijk_matmul,56,0.0005345
ijk_matmul,57,0.000570959
ijk_matmul,58,0.000592542
ijk_matmul,59,0.000624708
ijk_matmul,60,0.000656416
ijk_matmul,61,0.000675417
ijk_matmul,62,0.000645875
ijk_matmul,63,0.0006875
ijk_matmul,64,0.00071175
ijk_matmul,65,0.000748375
ijk_matmul,66,0.000748542
ijk_matmul,67,0.000761584
ijk_matmul,68,0.000784792
ijk_matmul,69,0.000836875
ijk_matmul,70,0.000853166
ijk_matmul,71,0.000843167
ijk_matmul,72,0.000879458
ijk_matmul,73,0.000914375
ijk_matmul,74,0.000936416
ijk_matmul,75,0.000981333
ijk_matmul,76,0.00102233
ijk_matmul,77,0.00107271
ijk_matmul,78,0.00109904
ijk_matmul,79,0.00115504
ijk_matmul,80,0.00117537
ijk_matmul,81,0.00125221
ijk_matmul,82,0.00127192
ijk_matmul,83,0.00132133
ijk_matmul,84,0.0013565
ijk_matmul,85,0.00141817
ijk_matmul,86,0.00146329
ijk_matmul,87,0.0015135
ijk_matmul,88,0.00156096
ijk_matmul,89,0.00163871
ijk_matmul,90,0.00166604
ijk_matmul,91,0.00171704
ijk_matmul,92,0.001781
ijk_matmul,93,0.00186729
ijk_matmul,94,0.00191121
ijk_matmul,95,0.00199029
ijk_matmul,96,0.00203375
ijk_matmul,97,0.00211592
ijk_matmul,98,0.00215933
ijk_matmul,99,0.00223796
ijk_matmul,100,0.002311
ijk_matmul,101,0.00235083
ijk_matmul,102,0.00243042
ijk_matmul,103,0.00279612
ijk_matmul,104,0.00258246
ijk_matmul,105,0.00266875
ijk_matmul,106,0.00272842
ijk_matmul,107,0.00283037
ijk_matmul,108,0.00287571
ijk_matmul,109,0.00294079
ijk_matmul,110,0.00304525
ijk_matmul,111,0.0031205
ijk_matmul,112,0.0032175
ijk_matmul,113,0.0033355
ijk_matmul,114,0.003367
ijk_matmul,115,0.00351708
ijk_matmul,116,0.00354779
ijk_matmul,117,0.00367025
ijk_matmul,118,0.00373679
ijk_matmul,119,0.00386279
ijk_matmul,120,0.00441087
ijk_matmul,121,0.00408375
ijk_matmul,122,0.00414054
ijk_matmul,123,0.00430475
ijk_matmul,124,0.00435017
ijk_matmul,125,0.00450842
ijk_matmul,126,0.00457471
ijk_matmul,127,0.00475808
ijk_matmul,128,0.00477496
ijk_matmul,129,0.00488117
ijk_matmul,130,0.00499313
ijk_matmul,131,0.00516742
ijk_matmul,132,0.00524896
ijk_matmul,133,0.00542508
ijk_matmul,134,0.00549379
ijk_matmul,135,0.00565704
ijk_matmul,136,0.00575817
ijk_matmul,137,0.00591737
ijk_matmul,138,0.00601575
ijk_matmul,139,0.00620138
ijk_matmul,140,0.00624521
ijk_matmul,141,0.00638867
ijk_matmul,142,0.00654721
ijk_matmul,143,0.00667238
ijk_matmul,144,0.00679583
ijk_matmul,145,0.00700175
ijk_matmul,146,0.00708829
ijk_matmul,147,0.00726596
ijk_matmul,148,0.007349
ijk_matmul,149,0.00758008
ijk_matmul,150,0.00770546
ijk_matmul,151,0.00791358
ijk_matmul,152,0.00799587
ijk_matmul,153,0.00823996
ijk_matmul,154,0.00832925
ijk_matmul,155,0.00859062
ijk_matmul,156,0.00864104
ijk_matmul,157,0.00883275
ijk_matmul,158,0.00898987
ijk_matmul,159,0.00922571
ijk_matmul,160,0.00932325
ijk_matmul,161,0.00976613
ijk_matmul,162,0.0104746
ijk_matmul,163,0.011091
ijk_matmul,164,0.0112756
ijk_matmul,165,0.0115091
ijk_matmul,166,0.0117032
ijk_matmul,167,0.0119088
ijk_matmul,168,0.0121049
ijk_matmul,169,0.0123456
ijk_matmul,170,0.0125643
ijk_matmul,171,0.0115124
ijk_matmul,172,0.0115776
ijk_matmul,173,0.0118608
ijk_matmul,174,0.012018
ijk_matmul,175,0.0121831
ijk_matmul,176,0.0124055
ijk_matmul,177,0.0127244
ijk_matmul,178,0.0128834
ijk_matmul,179,0.0130971
ijk_matmul,180,0.0132773
ijk_matmul,181,0.0135235
ijk_matmul,182,0.013704
ijk_matmul,183,0.0139889
ijk_matmul,184,0.0141872
ijk_matmul,185,0.0144916
ijk_matmul,186,0.0148275
ijk_matmul,187,0.0149505
ijk_matmul,188,0.0150839
ijk_matmul,189,0.0154271
ijk_matmul,190,0.0156363
ijk_matmul,191,0.0160519
ijk_matmul,192,0.0160598
ijk_matmul,193,0.0163289
ijk_matmul,194,0.0166241
ijk_matmul,195,0.0172785
ijk_matmul,196,0.0171327
ijk_matmul,197,0.0175005
ijk_matmul,198,0.0177267
ijk_matmul,199,0.018054
ijk_matmul,200,0.0182168
ijk_matmul,201,0.0185685
ijk_matmul,202,0.0187375
ijk_matmul,203,0.0192956
ijk_matmul,204,0.019215
ijk_matmul,205,0.0197198
ijk_matmul,206,0.0199457
ijk_matmul,207,0.0204175
ijk_matmul,208,0.0204077
ijk_matmul,209,0.0209032
ijk_matmul,210,0.0211205
ijk_matmul,211,0.0216859
ijk_matmul,212,0.0216951
ijk_matmul,213,0.022135
ijk_matmul,214,0.022355
ijk_matmul,215,0.0229158
ijk_matmul,216,0.0228815
ijk_matmul,217,0.0233498
ijk_matmul,218,0.0235607
ijk_matmul,219,0.0241671
ijk_matmul,220,0.0242454
ijk_matmul,221,0.0245925
ijk_matmul,222,0.0249744
ijk_matmul,223,0.0253439
ijk_matmul,224,0.0255593
ijk_matmul,225,0.0260192
ijk_matmul,226,0.0262844
ijk_matmul,227,0.0268578
ijk_matmul,228,0.0269628
ijk_matmul,229,0.0273413
ijk_matmul,230,0.0278949
ijk_matmul,231,0.028219
ijk_matmul,232,0.028403
ijk_matmul,233,0.0290285
ijk_matmul,234,0.0294417
ijk_matmul,235,0.0296745
ijk_matmul,236,0.0298905
ijk_matmul,237,0.0342516
ijk_matmul,238,0.0348235
ijk_matmul,239,0.0312087
ijk_matmul,240,0.031466
ijk_matmul,241,0.0333675
ijk_matmul,242,0.0322763
ijk_matmul,243,0.0330981
ijk_matmul,244,0.0329807
ijk_matmul,245,0.0335797
ijk_matmul,246,0.0339908
ijk_matmul,247,0.0343344
ijk_matmul,248,0.0347954
ijk_matmul,249,0.0350704
ijk_matmul,250,0.0354794
ijk_matmul,251,0.0358893
ijk_matmul,252,0.0362323
ijk_matmul,253,0.0381875
ijk_matmul,254,0.0371911
ijk_matmul,255,0.0379074
ijk_matmul,256,0.040009
ijk_matmul,257,0.0388551
ijk_matmul,258,0.0392589
ijk_matmul,259,0.0395894
ijk_matmul,260,0.0401559
ijk_matmul,261,0.0405723
ijk_matmul,262,0.0414459
ijk_matmul,263,0.0415374
ijk_matmul,264,0.0417974
ijk_matmul,265,0.0423814
ijk_matmul,266,0.0429421
ijk_matmul,267,0.0435692
ijk_matmul,268,0.0438432
ijk_matmul,269,0.0446392
ijk_matmul,270,0.045028
ijk_matmul,271,0.045457
ijk_matmul,272,0.0457497
ijk_matmul,273,0.0483786
ijk_matmul,274,0.0472042
ijk_matmul,275,0.0510494
ijk_matmul,276,0.049269
ijk_matmul,277,0.0548362
ijk_matmul,278,0.0554112
ijk_matmul,279,0.0560784
ijk_matmul,280,0.056456
ijk_matmul,281,0.0573354
ijk_matmul,282,0.0578894
ijk_matmul,283,0.0586182
ijk_matmul,284,0.0589615
ijk_matmul,285,0.0598119
ijk_matmul,286,0.0603351
ijk_matmul,287,0.0609085
ijk_matmul,288,0.0612026
ijk_matmul,289,0.0622104
ijk_matmul,290,0.062766
ijk_matmul,291,0.0635708
ijk_matmul,292,0.0639095
ijk_matmul,293,0.0649106
ijk_matmul,294,0.0655655
ijk_matmul,295,0.0662591
ijk_matmul,296,0.0664849
ijk_matmul,297,0.067584
ijk_matmul,298,0.0681743
ijk_matmul,299,0.068931
ijk_matmul,300,0.0693499
ijk_matmul,301,0.0703017
ijk_matmul,302,0.0708709
ijk_matmul,303,0.0715733
ijk_matmul,304,0.0719966
ijk_matmul,305,0.0730785
ijk_matmul,306,0.073775
ijk_matmul,307,0.0745579
ijk_matmul,308,0.0661531
ijk_matmul,309,0.0674061
ijk_matmul,310,0.0678099
ijk_matmul,311,0.0686135
ijk_matmul,312,0.0689137
ijk_matmul,313,0.0699795
ijk_matmul,314,0.070263
ijk_matmul,315,0.074784
ijk_matmul,316,0.0716069
ijk_matmul,317,0.0727712
ijk_matmul,318,0.073035
ijk_matmul,319,0.0741948
ijk_matmul,320,0.0747554
ijk_matmul,321,0.0754809
ijk_matmul,322,0.0759364
ijk_matmul,323,0.0769058
ijk_matmul,324,0.077333
ijk_matmul,325,0.0781614
ijk_matmul,326,0.0787872
ijk_matmul,327,0.0797585
ijk_matmul,328,0.0800201
ijk_matmul,329,0.0811055
ijk_matmul,330,0.0816188
ijk_matmul,331,0.093597
ijk_matmul,332,0.0829243
ijk_matmul,333,0.0842376
ijk_matmul,334,0.0845543
ijk_matmul,335,0.0855322
ijk_matmul,336,0.086061
ijk_matmul,337,0.087318
ijk_matmul,338,0.087928
ijk_matmul,339,0.0884169
ijk_matmul,340,0.088797
ijk_matmul,341,0.090494
ijk_matmul,342,0.0906904
ijk_matmul,343,0.0919671
ijk_matmul,344,0.0924697
ijk_matmul,345,0.0934987
ijk_matmul,346,0.101942
ijk_matmul,347,0.0956991
ijk_matmul,348,0.0960986
ijk_matmul,349,0.106101
ijk_matmul,350,0.0978566
ijk_matmul,351,0.0982469
ijk_matmul,352,0.098957
ijk_matmul,353,0.100184
ijk_matmul,354,0.101204
ijk_matmul,355,0.114627
ijk_matmul,356,0.102738
ijk_matmul,357,0.116497
ijk_matmul,358,0.104377
ijk_matmul,359,0.105387
ijk_matmul,360,0.105896
ijk_matmul,361,0.107029
ijk_matmul,362,0.108031
ijk_matmul,363,0.109133
ijk_matmul,364,0.109918
ijk_matmul,365,0.111016
ijk_matmul,366,0.111323
ijk_matmul,367,0.112413
ijk_matmul,368,0.112807
ijk_matmul,369,0.114393
ijk_matmul,370,0.115093
ijk_matmul,371,0.116402
ijk_matmul,372,0.117049
ijk_matmul,373,0.118074
ijk_matmul,374,0.118922
ijk_matmul,375,0.12008
ijk_matmul,376,0.120225
ijk_matmul,377,0.121795
ijk_matmul,378,0.12277
ijk_matmul,379,0.123801
ijk_matmul,380,0.124924
ijk_matmul,381,0.128383
ijk_matmul,382,0.126479
ijk_matmul,383,0.127552
ijk_matmul,384,0.135625
ijk_matmul,385,0.129841
ijk_matmul,386,0.130458
ijk_matmul,387,0.132084
ijk_matmul,388,0.132782
ijk_matmul,389,0.133788
ijk_matmul,390,0.135481
ijk_matmul,391,0.136003
ijk_matmul,392,0.136683
ijk_matmul,393,0.137988
ijk_matmul,394,0.139288
ijk_matmul,395,0.139882
ijk_matmul,396,0.140914
ijk_matmul,397,0.142174
ijk_matmul,398,0.142941
ijk_matmul,399,0.144438
ijk_matmul,400,0.145144
ijk_matmul,401,0.146753
ijk_matmul,402,0.147456
ijk_matmul,403,0.158173
ijk_matmul,404,0.169702
ijk_matmul,405,0.171181
ijk_matmul,406,0.163644
ijk_matmul,407,0.153162
ijk_matmul,408,0.154208
ijk_matmul,409,0.155486
ijk_matmul,410,0.162912
ijk_matmul,411,0.173006
ijk_matmul,412,0.180591
ijk_matmul,413,0.182028
ijk_matmul,414,0.178721
ijk_matmul,415,0.184554
ijk_matmul,416,0.185372
ijk_matmul,417,0.176351
ijk_matmul,418,0.16721
ijk_matmul,419,0.167138
ijk_matmul,420,0.168008
ijk_matmul,421,0.169466
ijk_matmul,422,0.170349
ijk_matmul,423,0.172
ijk_matmul,424,0.194969
ijk_matmul,425,0.174493
ijk_matmul,426,0.175578
ijk_matmul,427,0.176904
ijk_matmul,428,0.178021
ijk_matmul,429,0.179154
ijk_matmul,430,0.180377
ijk_matmul,431,0.182372
ijk_matmul,432,0.182579
ijk_matmul,433,0.1847
ijk_matmul,434,0.185439
ijk_matmul,435,0.187488
ijk_matmul,436,0.188217
ijk_matmul,437,0.189352
ijk_matmul,438,0.190368
ijk_matmul,439,0.19248
ijk_matmul,440,0.192943
ijk_matmul,441,0.195225
ijk_matmul,442,0.195968
ijk_matmul,443,0.19741
ijk_matmul,444,0.19864
ijk_matmul,445,0.225215
ijk_matmul,446,0.224515
ijk_matmul,447,0.223021
ijk_matmul,448,0.233219
ijk_matmul,449,0.233377
ijk_matmul,450,0.235088
ijk_matmul,451,0.236809
ijk_matmul,452,0.237791
ijk_matmul,453,0.22791
ijk_matmul,454,0.241395
ijk_matmul,455,0.233277
ijk_matmul,456,0.235467
ijk_matmul,457,0.245949
ijk_matmul,458,0.229678
ijk_matmul,459,0.219805
ijk_matmul,460,0.220919
ijk_matmul,461,0.229102
ijk_matmul,462,0.255025
ijk_matmul,463,0.245547
ijk_matmul,464,0.237223
ijk_matmul,465,0.22823
ijk_matmul,466,0.229339
ijk_matmul,467,0.231198
ijk_matmul,468,0.232452
ijk_matmul,469,0.234076
ijk_matmul,470,0.236468
ijk_matmul,471,0.237417
ijk_matmul,472,0.238471
ijk_matmul,473,0.240273
ijk_matmul,474,0.241414
ijk_matmul,475,0.243798
ijk_matmul,476,0.244533
ijk_matmul,477,0.246416
ijk_matmul,478,0.248232
ijk_matmul,479,0.269665
ijk_matmul,480,0.284406
ijk_matmul,481,0.286543
ijk_matmul,482,0.290804
ijk_matmul,483,0.266853
ijk_matmul,484,0.257349
ijk_matmul,485,0.258713
ijk_matmul,486,0.26153
ijk_matmul,487,0.262086
ijk_matmul,488,0.263671
ijk_matmul,489,0.294264
ijk_matmul,490,0.303624
ijk_matmul,491,0.305257
ijk_matmul,492,0.306585
ijk_matmul,493,0.309064
ijk_matmul,494,0.311363
ijk_matmul,495,0.312639
ijk_matmul,496,0.313225
ijk_matmul,497,0.289222
ijk_matmul,498,0.292593
ijk_matmul,499,0.29403
ijk_matmul,500,0.292683
ijk_matmul,501,0.323634
ijk_matmul,502,0.325723
ijk_matmul,503,0.331329
ijk_matmul,504,0.301413
ijk_matmul,505,0.332067
ijk_matmul,506,0.304632
ijk_matmul,507,0.29448
ijk_matmul,508,0.295815
ijk_matmul,509,0.329961
ijk_matmul,510,0.299163
ijk_matmul,511,0.302213
ijk_matmul,512,0.338509
ijk_matmul,513,0.306242
ijk_matmul,514,0.32153
ijk_matmul,515,0.352152
ijk_matmul,516,0.354619
ijk_matmul,517,0.356695
ijk_matmul,518,0.358034
ijk_matmul,519,0.360163
ijk_matmul,520,0.361963
ijk_matmul,521,0.364598
ijk_matmul,522,0.332941
ijk_matmul,523,0.324624
ijk_matmul,524,0.327999
ijk_matmul,525,0.340963
ijk_matmul,526,0.375883
ijk_matmul,527,0.377296
ijk_matmul,528,0.378436
ijk_matmul,529,0.381718
ijk_matmul,530,0.383128
ijk_matmul,531,0.353491
ijk_matmul,532,0.341313
ijk_matmul,533,0.34359
ijk_matmul,534,0.359531
ijk_matmul,535,0.394735
ijk_matmul,536,0.360734
ijk_matmul,537,0.351112
ijk_matmul,538,0.394976
ijk_matmul,539,0.406801
ijk_matmul,540,0.405398
ijk_matmul,541,0.380917
ijk_matmul,542,0.360277
ijk_matmul,543,0.362644
ijk_matmul,544,0.407232
ijk_matmul,545,0.416778
ijk_matmul,546,0.421037
ijk_matmul,547,0.421342
ijk_matmul,548,0.458521
ijk_matmul,549,0.37708
ijk_matmul,550,0.376298
ijk_matmul,551,0.380223
ijk_matmul,552,0.380909
ijk_matmul,553,0.383151
ijk_matmul,554,0.384878
ijk_matmul,555,0.38777
ijk_matmul,556,0.389653
ijk_matmul,557,0.391262
ijk_matmul,558,0.446972
ijk_matmul,559,0.406717
ijk_matmul,560,0.451016
ijk_matmul,561,0.454592
ijk_matmul,562,0.456585
ijk_matmul,563,0.426598
ijk_matmul,564,0.463136
ijk_matmul,565,0.472537
ijk_matmul,566,0.466654
ijk_matmul,567,0.469471
ijk_matmul,568,0.470748
ijk_matmul,569,0.475141
ijk_matmul,570,0.476302
ijk_matmul,571,0.479709
ijk_matmul,572,0.481169
ijk_matmul,573,0.484552
ijk_matmul,574,0.486573
ijk_matmul,575,0.489699
ijk_matmul,576,0.499601
ijk_matmul,577,0.445101
ijk_matmul,578,0.436681
ijk_matmul,579,0.440097
ijk_matmul,580,0.495963
ijk_matmul,581,0.505667
ijk_matmul,582,0.45607
ijk_matmul,583,0.504232
ijk_matmul,584,0.51215
ijk_matmul,585,0.52428
ijk_matmul,586,0.51838
ijk_matmul,587,0.521033
ijk_matmul,588,0.523751
ijk_matmul,589,0.526125
ijk_matmul,590,0.476118
ijk_matmul,591,0.46736
ijk_matmul,592,0.469563
ijk_matmul,593,0.53264
ijk_matmul,594,0.495325
ijk_matmul,595,0.477322
ijk_matmul,596,0.479045
ijk_matmul,597,0.511102
ijk_matmul,598,0.550571
ijk_matmul,599,0.553063
ijk_matmul,600,0.555085
ijk_matmul,601,0.558919
ijk_matmul,602,0.515902
ijk_matmul,603,0.514052
ijk_matmul,604,0.567716
ijk_matmul,605,0.512228
ijk_matmul,606,0.503429
ijk_matmul,607,0.558736
ijk_matmul,608,0.578695
ijk_matmul,609,0.576425
ijk_matmul,610,0.525156
ijk_matmul,611,0.516527
ijk_matmul,612,0.518901
ijk_matmul,613,0.521943
ijk_matmul,614,0.524012
ijk_matmul,615,0.526634
ijk_matmul,616,0.529078
ijk_matmul,617,0.532447
ijk_matmul,618,0.533567
ijk_matmul,619,0.577325
ijk_matmul,620,0.61296
ijk_matmul,621,0.616205
ijk_matmul,622,0.577218
ijk_matmul,623,0.590317
ijk_matmul,624,0.624221
ijk_matmul,625,0.628921
ijk_matmul,626,0.630698
ijk_matmul,627,0.634734
ijk_matmul,628,0.637791
ijk_matmul,629,0.567474
ijk_matmul,630,0.637988
ijk_matmul,631,0.647046
ijk_matmul,632,0.581235
ijk_matmul,633,0.592001
ijk_matmul,634,0.656793
ijk_matmul,635,0.595195
ijk_matmul,636,0.663056
ijk_matmul,637,0.665543
ijk_matmul,638,0.667515
ijk_matmul,639,0.659505
ijk_matmul,640,0.688501
ijk_matmul,641,0.677825
ijk_matmul,642,0.680726
ijk_matmul,643,0.684308
ijk_matmul,644,0.686489
ijk_matmul,645,0.690878
ijk_matmul,646,0.619494
ijk_matmul,647,0.631096
ijk_matmul,648,0.699484
ijk_matmul,649,0.6767
ijk_matmul,650,0.706722
ijk_matmul,651,0.710735
ijk_matmul,652,0.712991
ijk_matmul,653,0.725751
ijk_matmul,654,0.661621
ijk_matmul,655,0.724328
ijk_matmul,656,0.648265
ijk_matmul,657,0.642742
ijk_matmul,658,0.644347
ijk_matmul,659,0.648496
ijk_matmul,660,0.650726
ijk_matmul,661,0.654923
ijk_matmul,662,0.66076
ijk_matmul,663,0.659525
ijk_matmul,664,0.662639
ijk_matmul,665,0.665805
ijk_matmul,666,0.69408
ijk_matmul,667,0.764158
ijk_matmul,668,0.767145
ijk_matmul,669,0.68643
ijk_matmul,670,0.680771
ijk_matmul,671,0.714024
ijk_matmul,672,0.780332
ijk_matmul,673,0.785814
ijk_matmul,674,0.789349
ijk_matmul,675,0.704691
ijk_matmul,676,0.782998
ijk_matmul,677,0.800079
ijk_matmul,678,0.803692
ijk_matmul,679,0.717891
ijk_matmul,680,0.711473
ijk_matmul,681,0.719938
ijk_matmul,682,0.801109
ijk_matmul,683,0.87772
ijk_matmul,684,0.741799
ijk_matmul,685,0.730276
ijk_matmul,686,0.832412
ijk_matmul,687,0.835756
ijk_matmul,688,0.803377
ijk_matmul,689,0.79218
ijk_matmul,690,0.744057
ijk_matmul,691,0.746793
ijk_matmul,692,0.749235
ijk_matmul,693,0.844574
ijk_matmul,694,0.863221
ijk_matmul,695,0.769864
ijk_matmul,696,0.765566
ijk_matmul,697,0.862738
ijk_matmul,698,0.878186
ijk_matmul,699,0.784684
ijk_matmul,700,0.799732
ijk_matmul,701,0.887433
ijk_matmul,702,0.891586
ijk_matmul,703,0.794841
ijk_matmul,704,0.829516
ijk_matmul,705,0.793067
ijk_matmul,706,0.795798
ijk_matmul,707,0.876268
ijk_matmul,708,0.914107
ijk_matmul,709,0.919383
ijk_matmul,710,0.926342
ijk_matmul,711,0.926082
ijk_matmul,712,0.928826
ijk_matmul,713,0.933923
ijk_matmul,714,0.938454
ijk_matmul,715,0.915015
ijk_matmul,716,0.852238
ijk_matmul,717,0.834396
ijk_matmul,718,0.916903
ijk_matmul,719,0.956798
ijk_matmul,720,0.959527
ijk_matmul,721,0.953154
ijk_matmul,722,0.852076
ijk_matmul,723,0.858547
ijk_matmul,724,0.857245
ijk_matmul,725,0.883272
ijk_matmul,726,0.897156
ijk_matmul,727,0.989596
ijk_matmul,728,0.992753
ijk_matmul,729,0.997799
ijk_matmul,730,1.00528
ijk_matmul,731,1.00702
ijk_matmul,732,1.00727
ijk_matmul,733,1.01734
ijk_matmul,734,0.936372
ijk_matmul,735,1.02319
ijk_matmul,736,1.02642
ijk_matmul,1,3.34e-07
ikj_matmul,1,1.67e-07
ijk_matmul,2,2.91e-07
ikj_matmul,2,2.5e-07
ijk_matmul,3,5.84e-07
ikj_matmul,3,5.41e-07
ijk_matmul,4,7.91e-07
ikj_matmul,4,7.92e-07
ijk_matmul,5,1.416e-06
ikj_matmul,5,1.542e-06
ijk_matmul,6,2.375e-06
ikj_matmul,6,2.375e-06
ijk_matmul,7,3.416e-06
ikj_matmul,7,3.417e-06
ijk_matmul,8,4.833e-06
ikj_matmul,8,4.917e-06
ijk_matmul,9,6.75e-06
ikj_matmul,9,7.792e-06
ijk_matmul,10,1.0292e-05
ikj_matmul,10,9.167e-06
ijk_matmul,11,1.375e-05
ikj_matmul,11,1.225e-05
ijk_matmul,12,1.5333e-05
ikj_matmul,12,1.1167e-05
ijk_matmul,13,1.425e-05
ikj_matmul,13,1.4208e-05
ijk_matmul,14,1.775e-05
ikj_matmul,14,1.775e-05
ijk_matmul,15,2.1667e-05
ikj_matmul,15,2.15e-05
ijk_matmul,16,2.6375e-05
ikj_matmul,16,2.5958e-05
ijk_matmul,17,3.1375e-05
ikj_matmul,17,3.1666e-05
ijk_matmul,18,4.0875e-05
ikj_matmul,18,4.1875e-05
ijk_matmul,19,4.35e-05
ikj_matmul,19,4.7125e-05
ijk_matmul,20,5.4083e-05
ikj_matmul,20,5.675e-05
ijk_matmul,21,5.6917e-05
ikj_matmul,21,5.5792e-05
ijk_matmul,22,6.4708e-05
ikj_matmul,22,6.3875e-05
ijk_matmul,23,7.3125e-05
ikj_matmul,23,7.2459e-05
ijk_matmul,24,8.2375e-05
ikj_matmul,24,8.0917e-05
ijk_matmul,25,7.9834e-05
ikj_matmul,25,7.875e-05
ijk_matmul,26,8.9542e-05
ikj_matmul,26,9.2708e-05
ijk_matmul,27,9.9833e-05
ikj_matmul,27,9.8334e-05
ijk_matmul,28,0.000111833
ikj_matmul,28,5.6375e-05
ijk_matmul,29,5.6042e-05
ikj_matmul,29,5.6209e-05
ijk_matmul,30,6.2167e-05
ikj_matmul,30,6.3834e-05
ijk_matmul,31,6.8292e-05
ikj_matmul,31,7.0584e-05
ijk_matmul,32,7.5375e-05
ikj_matmul,32,7.7333e-05
ijk_matmul,33,8.2459e-05
ikj_matmul,33,8.5375e-05
ijk_matmul,34,9.2958e-05
ikj_matmul,34,8.9709e-05
ijk_matmul,35,9.85e-05
ikj_matmul,35,9.7625e-05
ijk_matmul,36,0.000106625
ikj_matmul,36,0.000114875
ijk_matmul,37,0.000115292
ikj_matmul,37,0.000115375
ijk_matmul,38,0.000125083
ikj_matmul,38,0.000124834
ijk_matmul,39,0.000134916
ikj_matmul,39,0.000134667
ijk_matmul,40,0.0001455
ikj_matmul,40,0.000152291
ijk_matmul,41,0.000167542
ikj_matmul,41,0.0001695
ijk_matmul,42,0.000178458
ikj_matmul,42,0.000179584
ijk_matmul,43,0.000193417
ikj_matmul,43,0.00019375
ijk_matmul,44,0.00020425
ikj_matmul,44,0.000205917
ijk_matmul,45,0.000220416
ikj_matmul,45,0.000219917
ijk_matmul,46,0.000232583
ikj_matmul,46,0.000237667
ijk_matmul,47,0.000250458
ikj_matmul,47,0.00024925
ijk_matmul,48,0.000263625
ikj_matmul,48,0.000265709
ijk_matmul,49,0.000282958
ikj_matmul,49,0.000281625
ijk_matmul,50,0.000296709
ikj_matmul,50,0.000298208
ijk_matmul,51,0.000318166
ikj_matmul,51,0.000319208
ijk_matmul,52,0.000332541
ikj_matmul,52,0.000339458
ijk_matmul,53,0.00039775
ikj_matmul,53,0.000368334
ijk_matmul,54,0.000434583
ikj_matmul,54,0.000388334
ijk_matmul,55,0.000396625
ikj_matmul,55,0.000396833
ijk_matmul,56,0.000520041
ikj_matmul,56,0.000433
ijk_matmul,57,0.000510416
ikj_matmul,57,0.000450709
ijk_matmul,58,0.000536875
ikj_matmul,58,0.000469709
ijk_matmul,59,0.000487584
ikj_matmul,59,0.000483084
ijk_matmul,60,0.000505625
ikj_matmul,60,0.00051425
ijk_matmul,61,0.000566375
ikj_matmul,61,0.000559084
ijk_matmul,62,0.000557625
ikj_matmul,62,0.000560458
ijk_matmul,63,0.000665
ikj_matmul,63,0.000595625
ijk_matmul,64,0.000650041
ikj_matmul,64,0.000619708
ijk_matmul,65,0.000652417
ikj_matmul,65,0.000677042
ijk_matmul,66,0.000678791
ikj_matmul,66,0.00067175
ijk_matmul,67,0.0007255
ikj_matmul,67,0.000704333
ijk_matmul,68,0.000731417
ikj_matmul,68,0.000743584
ijk_matmul,69,0.000780125
ikj_matmul,69,0.00076675
ijk_matmul,70,0.000834333
ikj_matmul,70,0.000902542
ijk_matmul,71,0.000840333
ikj_matmul,71,0.000834042
ijk_matmul,72,0.000867125
ikj_matmul,72,0.000894291
ijk_matmul,73,0.000951958
ikj_matmul,73,0.00097425
ijk_matmul,74,0.000942334
ikj_matmul,74,0.000935041
ijk_matmul,75,0.00098975
ikj_matmul,75,0.000981958
ijk_matmul,76,0.00102196
ikj_matmul,76,0.00101342
ijk_matmul,77,0.00105758
ikj_matmul,77,0.00105858
ijk_matmul,78,0.00109833
ikj_matmul,78,0.00109154
ijk_matmul,79,0.00119425
ikj_matmul,79,0.00114629
ijk_matmul,80,0.00118633
ikj_matmul,80,0.00118058
ijk_matmul,81,0.00124267
ikj_matmul,81,0.00123154
ijk_matmul,82,0.00128425
ikj_matmul,82,0.00127608
ijk_matmul,83,0.00132613
ikj_matmul,83,0.00132108
ijk_matmul,84,0.00137838
ikj_matmul,84,0.00137279
ijk_matmul,85,0.00143837
ikj_matmul,85,0.00141454
ijk_matmul,86,0.00147596
ikj_matmul,86,0.00146717
ijk_matmul,87,0.00152863
ikj_matmul,87,0.00151637
ijk_matmul,88,0.00157292
ikj_matmul,88,0.001583
ijk_matmul,89,0.00164383
ikj_matmul,89,0.00162404
ijk_matmul,90,0.00168337
ikj_matmul,90,0.00167796
ijk_matmul,91,0.00174775
ikj_matmul,91,0.00173083
ijk_matmul,92,0.00179608
ikj_matmul,92,0.00179775
ijk_matmul,93,0.00185421
ikj_matmul,93,0.00185758
ijk_matmul,94,0.00190808
ikj_matmul,94,0.00189942
ijk_matmul,95,0.0019965
ikj_matmul,95,0.00196963
ijk_matmul,96,0.00207279
ikj_matmul,96,0.00201796
ijk_matmul,97,0.00212283
ikj_matmul,97,0.00209575
ijk_matmul,98,0.00217746
ikj_matmul,98,0.00214762
ijk_matmul,99,0.00225662
ikj_matmul,99,0.00226363
ijk_matmul,100,0.00228742
ikj_matmul,100,0.00228358
ijk_matmul,101,0.00239842
ikj_matmul,101,0.00236258
ijk_matmul,102,0.00244854
ikj_matmul,102,0.0024275
ijk_matmul,103,0.00252629
ikj_matmul,103,0.00251887
ijk_matmul,104,0.00257433
ikj_matmul,104,0.00254875
ijk_matmul,105,0.002691
ikj_matmul,105,0.00264833
ijk_matmul,106,0.00274083
ikj_matmul,106,0.00271358
ijk_matmul,107,0.00283829
ikj_matmul,107,0.00279313
ijk_matmul,108,0.00288383
ikj_matmul,108,0.00289187
ijk_matmul,109,0.00299067
ikj_matmul,109,0.00299021
ijk_matmul,110,0.00305796
ikj_matmul,110,0.00302558
ijk_matmul,111,0.00315658
ikj_matmul,111,0.00312992
ijk_matmul,112,0.00324579
ikj_matmul,112,0.00319804
ijk_matmul,113,0.00326471
ikj_matmul,113,0.00331446
ijk_matmul,114,0.00341163
ikj_matmul,114,0.00336917
ijk_matmul,115,0.00352117
ikj_matmul,115,0.00349342
ijk_matmul,116,0.00358083
ikj_matmul,116,0.00355529
ijk_matmul,117,0.00368954
ikj_matmul,117,0.00366479
ijk_matmul,118,0.00378479
ikj_matmul,118,0.00373996
ijk_matmul,119,0.0039035
ikj_matmul,119,0.00384154
ijk_matmul,120,0.00396788
ikj_matmul,120,0.00392346
ijk_matmul,121,0.00408021
ikj_matmul,121,0.00406617
ijk_matmul,122,0.00415179
ikj_matmul,122,0.00414117
ijk_matmul,123,0.00422942
ikj_matmul,123,0.004241
ijk_matmul,124,0.00435546
ikj_matmul,124,0.00434217
ijk_matmul,125,0.00450087
ikj_matmul,125,0.00450304
ijk_matmul,126,0.00455425
ikj_matmul,126,0.004584
ijk_matmul,127,0.00469567
ikj_matmul,127,0.004708
ijk_matmul,128,0.00482875
ikj_matmul,128,0.00477642
ijk_matmul,129,0.00495275
ikj_matmul,129,0.00492262
ijk_matmul,130,0.00501979
ikj_matmul,130,0.0050045
ijk_matmul,131,0.00522346
ikj_matmul,131,0.00518913
ijk_matmul,132,0.005263
ikj_matmul,132,0.00527021
ijk_matmul,133,0.00542071
ikj_matmul,133,0.00544817
ijk_matmul,134,0.00548187
ikj_matmul,134,0.00551312
ijk_matmul,135,0.00568008
ikj_matmul,135,0.00566508
ijk_matmul,136,0.00576629
ikj_matmul,136,0.00574775
ijk_matmul,137,0.00584783
ikj_matmul,137,0.00595037
ijk_matmul,138,0.00601692
ikj_matmul,138,0.00600788
ijk_matmul,139,0.00618704
ikj_matmul,139,0.00615679
ijk_matmul,140,0.00628713
ikj_matmul,140,0.00624854
ijk_matmul,141,0.00649463
ikj_matmul,141,0.00645571
ijk_matmul,142,0.00655571
ikj_matmul,142,0.00652762
ijk_matmul,143,0.00675579
ikj_matmul,143,0.006718
ijk_matmul,144,0.006847
ikj_matmul,144,0.00680483
ijk_matmul,145,0.00706433
ikj_matmul,145,0.00700804
ijk_matmul,146,0.00713263
ikj_matmul,146,0.0071105
ijk_matmul,147,0.00734279
ikj_matmul,147,0.00729563
ijk_matmul,148,0.00743921
ikj_matmul,148,0.00739358
ijk_matmul,149,0.00756217
ikj_matmul,149,0.00759079
ijk_matmul,150,0.00774279
ikj_matmul,150,0.00768442
ijk_matmul,151,0.00796946
ikj_matmul,151,0.00787671
ijk_matmul,152,0.00804625
ikj_matmul,152,0.00801892
ijk_matmul,153,0.00820942
ikj_matmul,153,0.00821829
ijk_matmul,154,0.00828833
ikj_matmul,154,0.00832796
ijk_matmul,155,0.00854533
ikj_matmul,155,0.00858704
ijk_matmul,156,0.0086295
ikj_matmul,156,0.008675
ijk_matmul,157,0.00887946
ikj_matmul,157,0.00886588
ijk_matmul,158,0.00902146
ikj_matmul,158,0.00898262
ijk_matmul,159,0.00910942
ikj_matmul,159,0.00922204
ijk_matmul,160,0.0093325
ikj_matmul,160,0.00937321
ijk_matmul,161,0.00954992
ikj_matmul,161,0.00954137
ijk_matmul,162,0.00972525
ikj_matmul,162,0.00969021
ijk_matmul,163,0.00997187
ikj_matmul,163,0.00993012
ijk_matmul,164,0.0100587
ikj_matmul,164,0.0100693
ijk_matmul,165,0.0103283
ikj_matmul,165,0.0103302
ijk_matmul,166,0.0104366
ikj_matmul,166,0.0104631
ijk_matmul,167,0.0107295
ikj_matmul,167,0.0106677
ijk_matmul,168,0.0107878
ikj_matmul,168,0.0108762
ijk_matmul,169,0.0110781
ikj_matmul,169,0.0110561
ijk_matmul,170,0.0110937
ikj_matmul,170,0.011222
ijk_matmul,171,0.0115515
ikj_matmul,171,0.0114608
ijk_matmul,172,0.0115575
ikj_matmul,172,0.0116523
ijk_matmul,173,0.0119043
ikj_matmul,173,0.0119139
ijk_matmul,174,0.0119997
ikj_matmul,174,0.0120362
ijk_matmul,175,0.0122715
ikj_matmul,175,0.0122573
ijk_matmul,176,0.012412
ikj_matmul,176,0.012469
ijk_matmul,177,0.0127406
ikj_matmul,177,0.0126584
ijk_matmul,178,0.0128747
ikj_matmul,178,0.0128967
ijk_matmul,179,0.0131083
ikj_matmul,179,0.0131296
ijk_matmul,180,0.0133442
ikj_matmul,180,0.0133707
ijk_matmul,181,0.013551
ikj_matmul,181,0.0135556
ijk_matmul,182,0.0137532
ikj_matmul,182,0.0137609
ijk_matmul,183,0.0140005
ikj_matmul,183,0.014048
ijk_matmul,184,0.014222
ikj_matmul,184,0.0142731
ijk_matmul,185,0.0144686
ikj_matmul,185,0.014486
ijk_matmul,186,0.014701
ikj_matmul,186,0.0147318
ijk_matmul,187,0.0150287
ikj_matmul,187,0.014954
ijk_matmul,188,0.0151755
ikj_matmul,188,0.0152215
ijk_matmul,189,0.015416
ikj_matmul,189,0.0155123
ijk_matmul,190,0.0156559
ikj_matmul,190,0.0156607
ijk_matmul,191,0.0159178
ikj_matmul,191,0.0159822
ijk_matmul,192,0.0161867
ikj_matmul,192,0.0161994
ijk_matmul,193,0.0164828
ikj_matmul,193,0.0164346
ijk_matmul,194,0.0167414
ikj_matmul,194,0.016683
ijk_matmul,195,0.017294
ikj_matmul,195,0.0169635
ijk_matmul,196,0.0171826
ikj_matmul,196,0.0171946
ijk_matmul,197,0.0175523
ikj_matmul,197,0.0175114
ijk_matmul,198,0.0177305
ikj_matmul,198,0.0177007
ijk_matmul,199,0.018137
ikj_matmul,199,0.0180857
ijk_matmul,200,0.0182204
ikj_matmul,200,0.0182739
ijk_matmul,201,0.0186197
ikj_matmul,201,0.0185892
ijk_matmul,202,0.0188244
ikj_matmul,202,0.0187971
ijk_matmul,203,0.0191371
ikj_matmul,203,0.019201
ijk_matmul,204,0.0193072
ikj_matmul,204,0.0193664
ijk_matmul,205,0.019708
ikj_matmul,205,0.0197182
ijk_matmul,206,0.0199471
ikj_matmul,206,0.0199659
ijk_matmul,207,0.0202751
ikj_matmul,207,0.0202486
ijk_matmul,208,0.0204585
ikj_matmul,208,0.0205464
ijk_matmul,209,0.0209273
ikj_matmul,209,0.020835
ijk_matmul,210,0.0211441
ikj_matmul,210,0.0211697
ijk_matmul,211,0.0214127
ikj_matmul,211,0.0214673
ijk_matmul,212,0.0217038
ikj_matmul,212,0.0217345
ijk_matmul,213,0.0220495
ikj_matmul,213,0.0221249
ijk_matmul,214,0.0224275
ikj_matmul,214,0.022375
ijk_matmul,215,0.022815
ikj_matmul,215,0.022685
ijk_matmul,216,0.022992
ikj_matmul,216,0.0229739
ijk_matmul,217,0.023385
ikj_matmul,217,0.0233819
ijk_matmul,218,0.0237153
ikj_matmul,218,0.0236427
ijk_matmul,219,0.0239986
ikj_matmul,219,0.0239008
ijk_matmul,220,0.024218
ikj_matmul,220,0.0242711
ijk_matmul,221,0.0250686
ikj_matmul,221,0.0246582
ijk_matmul,222,0.0249873
ikj_matmul,222,0.0249599
ijk_matmul,223,0.0252855
ikj_matmul,223,0.0253738
ijk_matmul,224,0.0255742
ikj_matmul,224,0.0256383
ijk_matmul,225,0.0260753
ikj_matmul,225,0.0260489
ijk_matmul,226,0.0263108
ikj_matmul,226,0.0262935
ijk_matmul,227,0.0268008
ikj_matmul,227,0.0267383
ijk_matmul,228,0.027051
ikj_matmul,228,0.0269913
ijk_matmul,229,0.0274622
ikj_matmul,229,0.0273098
ijk_matmul,230,0.0276547
ikj_matmul,230,0.0276927
ijk_matmul,231,0.0282286
ikj_matmul,231,0.0281096
ijk_matmul,232,0.028355
ikj_matmul,232,0.02842
ijk_matmul,233,0.0288605
ikj_matmul,233,0.0288708
ijk_matmul,234,0.0293034
ikj_matmul,234,0.0290998
ijk_matmul,235,0.0296976
ikj_matmul,235,0.0296282
ijk_matmul,236,0.0299444
ikj_matmul,236,0.02988
ijk_matmul,237,0.0304318
ikj_matmul,237,0.0302213
ijk_matmul,238,0.0306833
ikj_matmul,238,0.0305935
ijk_matmul,239,0.0311535
ikj_matmul,239,0.0312065
ijk_matmul,240,0.0314725
ikj_matmul,240,0.031477
ijk_matmul,241,0.0332307
ikj_matmul,241,0.0320252
ijk_matmul,242,0.0322236
ikj_matmul,242,0.0321948
ijk_matmul,243,0.0326437
ikj_matmul,243,0.0325674
ijk_matmul,244,0.0330419
ikj_matmul,244,0.0329987
ijk_matmul,245,0.0335797
ikj_matmul,245,0.0336022
ijk_matmul,246,0.034004
ikj_matmul,246,0.033853
ijk_matmul,247,0.0342811
ikj_matmul,247,0.0343168
ijk_matmul,248,0.0346274
ikj_matmul,248,0.0346744
ijk_matmul,249,0.0352784
ikj_matmul,249,0.0350948
ijk_matmul,250,0.0353292
ikj_matmul,250,0.03559
ijk_matmul,251,0.0360428
ikj_matmul,251,0.0360571
ijk_matmul,252,0.0362713
ikj_matmul,252,0.0364189
ijk_matmul,253,0.0368989
ikj_matmul,253,0.0370494
ijk_matmul,254,0.0371704
ikj_matmul,254,0.0370803
ijk_matmul,255,0.0377787
ikj_matmul,255,0.0379139
ijk_matmul,256,0.0400592
ikj_matmul,256,0.0381205
ijk_matmul,257,0.0387749
ikj_matmul,257,0.0387285
ijk_matmul,258,0.0390752
ikj_matmul,258,0.039037
ijk_matmul,259,0.0396561
ikj_matmul,259,0.039556
ijk_matmul,260,0.0399607
ikj_matmul,260,0.0399188
ijk_matmul,261,0.0405849
ikj_matmul,261,0.0405765
ijk_matmul,262,0.0410911
ikj_matmul,262,0.0407945
ijk_matmul,263,0.0452288
ikj_matmul,263,0.0414037
ijk_matmul,264,0.047047
ikj_matmul,264,0.0418218
ijk_matmul,265,0.0476676
ikj_matmul,265,0.0422394
ijk_matmul,266,0.0483337
ikj_matmul,266,0.0427839
ijk_matmul,267,0.0487612
ikj_matmul,267,0.0431968
ijk_matmul,268,0.0492568
ikj_matmul,268,0.0437594
ijk_matmul,269,0.0498226
ikj_matmul,269,0.04409
ijk_matmul,270,0.050476
ikj_matmul,270,0.044725
ijk_matmul,271,0.0509461
ikj_matmul,271,0.0452634
ijk_matmul,272,0.0467704
ikj_matmul,272,0.0456487
ijk_matmul,273,0.0482089
ikj_matmul,273,0.0463486
ijk_matmul,274,0.0467229
ikj_matmul,274,0.0466477
ijk_matmul,275,0.0473752
ikj_matmul,275,0.0472183
ijk_matmul,276,0.0477612
ikj_matmul,276,0.0477133
ijk_matmul,277,0.048342
ikj_matmul,277,0.0482601
ijk_matmul,278,0.0489307
ikj_matmul,278,0.0487947
ijk_matmul,279,0.0495483
ikj_matmul,279,0.0493544
ijk_matmul,280,0.0498245
ikj_matmul,280,0.0498392
ijk_matmul,281,0.0506006
ikj_matmul,281,0.0504074
ijk_matmul,282,0.0510178
ikj_matmul,282,0.0509546
ijk_matmul,283,0.0516889
ikj_matmul,283,0.0514298
ijk_matmul,284,0.0520056
ikj_matmul,284,0.0519585
ijk_matmul,285,0.052682
ikj_matmul,285,0.0525557
ijk_matmul,286,0.053179
ikj_matmul,286,0.0531091
ijk_matmul,287,0.0541394
ikj_matmul,287,0.053646
ijk_matmul,288,0.0541756
ikj_matmul,288,0.0541622
ijk_matmul,289,0.0550362
ikj_matmul,289,0.0546444
ijk_matmul,290,0.055485
ikj_matmul,290,0.055388
ijk_matmul,291,0.0562634
ikj_matmul,291,0.0559762
ijk_matmul,292,0.056439
ikj_matmul,292,0.056489
ijk_matmul,293,0.0573445
ikj_matmul,293,0.0572273
ijk_matmul,294,0.0578012
ikj_matmul,294,0.0576393
ijk_matmul,295,0.0583479
ikj_matmul,295,0.0582462
ijk_matmul,296,0.0588628
ikj_matmul,296,0.0586735
ijk_matmul,297,0.0596392
ikj_matmul,297,0.0593797
ijk_matmul,298,0.0601367
ikj_matmul,298,0.0600722
ijk_matmul,299,0.0607293
ikj_matmul,299,0.0605611
ijk_matmul,300,0.0612353
ikj_matmul,300,0.0611323
ijk_matmul,301,0.0619951
ikj_matmul,301,0.0626539
ijk_matmul,302,0.0628647
ikj_matmul,302,0.0623192
ijk_matmul,303,0.0687002
ikj_matmul,303,0.0629643
ijk_matmul,304,0.071833
ikj_matmul,304,0.0635521
ijk_matmul,305,0.072684
ikj_matmul,305,0.064308
ijk_matmul,306,0.0734455
ikj_matmul,306,0.0648455
ijk_matmul,307,0.0741598
ikj_matmul,307,0.0656326
ijk_matmul,308,0.0748335
ikj_matmul,308,0.0660425
ijk_matmul,309,0.0756462
ikj_matmul,309,0.0668803
ijk_matmul,310,0.0762563
ikj_matmul,310,0.067331
ijk_matmul,311,0.0769718
ikj_matmul,311,0.0681077
ijk_matmul,312,0.0846961
ikj_matmul,312,0.0710059
ijk_matmul,313,0.0699703
ikj_matmul,313,0.0700338
ijk_matmul,314,0.0706479
ikj_matmul,314,0.0702674
ijk_matmul,315,0.0740848
ikj_matmul,315,0.0710633
ijk_matmul,316,0.0714474
ikj_matmul,316,0.0714787
ijk_matmul,317,0.0724895
ikj_matmul,317,0.0721195
ijk_matmul,318,0.0730067
ikj_matmul,318,0.0728477
ijk_matmul,319,0.0739502
ikj_matmul,319,0.0736793
ijk_matmul,320,0.0748976
ikj_matmul,320,0.0741122
ijk_matmul,321,0.0750722
ikj_matmul,321,0.0748131
ijk_matmul,322,0.0757696
ikj_matmul,322,0.0755604
ijk_matmul,323,0.076571
ikj_matmul,323,0.0763883
ijk_matmul,324,0.0770737
ikj_matmul,324,0.0770148
ijk_matmul,325,0.077965
ikj_matmul,325,0.0777113
ijk_matmul,326,0.0786628
ikj_matmul,326,0.0783828
ijk_matmul,327,0.0793206
ikj_matmul,327,0.0790243
ijk_matmul,328,0.0801895
ikj_matmul,328,0.080246
ijk_matmul,329,0.0810634
ikj_matmul,329,0.0807798
ijk_matmul,330,0.08216
ikj_matmul,330,0.0816124
ijk_matmul,331,0.0881567
ikj_matmul,331,0.0823165
ijk_matmul,332,0.093915
ikj_matmul,332,0.0828827
ijk_matmul,333,0.0948057
ikj_matmul,333,0.0838699
ijk_matmul,334,0.095742
ikj_matmul,334,0.0842245
ijk_matmul,335,0.096267
ikj_matmul,335,0.0854922
ijk_matmul,336,0.0969655
ikj_matmul,336,0.0857647
ijk_matmul,337,0.0980365
ikj_matmul,337,0.0870098
ijk_matmul,338,0.0991108
ikj_matmul,338,0.0873682
ijk_matmul,339,0.099595
ikj_matmul,339,0.0885853
ijk_matmul,340,0.100639
ikj_matmul,340,0.088802
ijk_matmul,341,0.101762
ikj_matmul,341,0.0896867
ijk_matmul,342,0.102478
ikj_matmul,342,0.0902274
ijk_matmul,343,0.103261
ikj_matmul,343,0.0914118
ijk_matmul,344,0.104091
ikj_matmul,344,0.0919301
ijk_matmul,345,0.105315
ikj_matmul,345,0.0929472
ijk_matmul,346,0.106231
ikj_matmul,346,0.0936257
ijk_matmul,347,0.107293
ikj_matmul,347,0.0945019
ijk_matmul,348,0.108295
ikj_matmul,348,0.0952505
ijk_matmul,349,0.096519
ikj_matmul,349,0.0962426
ijk_matmul,350,0.101194
ikj_matmul,350,0.0971418
ijk_matmul,351,0.110401
ikj_matmul,351,0.098385
ijk_matmul,352,0.0989419
ikj_matmul,352,0.0995152
ijk_matmul,353,0.100468
ikj_matmul,353,0.100091
ijk_matmul,354,0.100854
ikj_matmul,354,0.100424
ijk_matmul,355,0.101737
ikj_matmul,355,0.101098
ijk_matmul,356,0.102285
ikj_matmul,356,0.102157
ijk_matmul,357,0.103373
ikj_matmul,357,0.103156
ijk_matmul,358,0.104591
ikj_matmul,358,0.103844
ijk_matmul,359,0.105185
ikj_matmul,359,0.104996
ijk_matmul,360,0.105491
ikj_matmul,360,0.105552
ijk_matmul,361,0.106905
ikj_matmul,361,0.106941
ijk_matmul,362,0.107564
ikj_matmul,362,0.107242
ijk_matmul,363,0.108568
ikj_matmul,363,0.108118
ijk_matmul,364,0.109187
ikj_matmul,364,0.10877
ijk_matmul,365,0.110956
ikj_matmul,365,0.110562
ijk_matmul,366,0.117408
ikj_matmul,366,0.110964
ijk_matmul,367,0.119618
ikj_matmul,367,0.144865
ijk_matmul,368,0.127828
ikj_matmul,368,0.113185
ijk_matmul,369,0.11411
ikj_matmul,369,0.139982
ijk_matmul,370,0.116491
ikj_matmul,370,0.116609
ijk_matmul,371,0.120277
ikj_matmul,371,0.116333
ijk_matmul,372,0.125049
ikj_matmul,372,0.131566
ijk_matmul,373,0.126025
ikj_matmul,373,0.121285
ijk_matmul,374,0.213162
ikj_matmul,374,0.164703
ijk_matmul,375,0.239501
ikj_matmul,375,0.143484
ijk_matmul,376,0.122034
ikj_matmul,376,0.121158
ijk_matmul,377,0.147176
ikj_matmul,377,0.126803
ijk_matmul,378,0.136213
ikj_matmul,378,0.124676
ijk_matmul,379,0.128383
ikj_matmul,379,0.125309
ijk_matmul,380,0.133393
ikj_matmul,380,0.124786
ijk_matmul,381,0.128187
ikj_matmul,381,0.126302
ijk_matmul,382,0.149892
ikj_matmul,382,0.126693
ijk_matmul,383,0.127332
ikj_matmul,383,0.126842
ijk_matmul,384,0.134974
ikj_matmul,384,0.128133
ijk_matmul,385,0.129973
ikj_matmul,385,0.129866
ijk_matmul,386,0.130267
ikj_matmul,386,0.13193
ijk_matmul,387,0.134237
ikj_matmul,387,0.140588
ijk_matmul,388,0.160035
ikj_matmul,388,0.145424
ijk_matmul,389,0.151603
ikj_matmul,389,0.177024
ijk_matmul,390,0.135548
ikj_matmul,390,0.134273
ijk_matmul,391,0.135761
ikj_matmul,391,0.135458
ijk_matmul,392,0.137701
ikj_matmul,392,0.137818
ijk_matmul,393,0.158701
ikj_matmul,393,0.138713
ijk_matmul,394,0.139936
ikj_matmul,394,0.138439
ijk_matmul,395,0.141494
ikj_matmul,395,0.139227
ijk_matmul,396,0.168495
ikj_matmul,396,0.141226
ijk_matmul,397,0.160927
ikj_matmul,397,0.147497
ijk_matmul,398,0.155195
ikj_matmul,398,0.143466
ijk_matmul,399,0.144153
ikj_matmul,399,0.152626
ijk_matmul,400,0.16157
ikj_matmul,400,0.144345
ijk_matmul,401,0.165463
ikj_matmul,401,0.145542
ijk_matmul,402,0.167115
ikj_matmul,402,0.146418
ijk_matmul,403,0.16828
ikj_matmul,403,0.147626
ijk_matmul,404,0.169345
ikj_matmul,404,0.148684
ijk_matmul,405,0.165713
ikj_matmul,405,0.151017
ijk_matmul,406,0.151628
ikj_matmul,406,0.152225
ijk_matmul,407,0.152756
ikj_matmul,407,0.153089
ijk_matmul,408,0.153585
ikj_matmul,408,0.154026
ijk_matmul,409,0.155334
ikj_matmul,409,0.154815
ijk_matmul,410,0.178412
ikj_matmul,410,0.155244
ijk_matmul,411,0.178433
ikj_matmul,411,0.156933
ijk_matmul,412,0.161552
ikj_matmul,412,0.158284
ijk_matmul,413,0.159751
ikj_matmul,413,0.158931
ijk_matmul,414,0.160579
ikj_matmul,414,0.160232
ijk_matmul,415,0.196336
ikj_matmul,415,0.16292
ijk_matmul,416,0.163409
ikj_matmul,416,0.16323
ijk_matmul,417,0.164343
ikj_matmul,417,0.165042
ijk_matmul,418,0.166874
ikj_matmul,418,0.16593
ijk_matmul,419,0.167337
ikj_matmul,419,0.167521
ijk_matmul,420,0.167732
ikj_matmul,420,0.167368
ijk_matmul,421,0.1691
ikj_matmul,421,0.169547
ijk_matmul,422,0.1705
ikj_matmul,422,0.169495
ijk_matmul,423,0.177764
ikj_matmul,423,0.170923
ijk_matmul,424,0.194723
ikj_matmul,424,0.171721
ijk_matmul,425,0.1963
ikj_matmul,425,0.173353
ijk_matmul,426,0.198403
ikj_matmul,426,0.174231
ijk_matmul,427,0.19903
ikj_matmul,427,0.175718
ijk_matmul,428,0.188536
ikj_matmul,428,0.177127
ijk_matmul,429,0.178883
ikj_matmul,429,0.178378
ijk_matmul,430,0.180165
ikj_matmul,430,0.179443
ijk_matmul,431,0.181905
ikj_matmul,431,0.180452
ijk_matmul,432,0.182405
ikj_matmul,432,0.181595
ijk_matmul,433,0.184301
ikj_matmul,433,0.194717
ijk_matmul,434,0.185156
ikj_matmul,434,0.185709
ijk_matmul,435,0.18732
ikj_matmul,435,0.185898
ijk_matmul,436,0.187622
ikj_matmul,436,0.188104
ijk_matmul,437,0.189139
ikj_matmul,437,0.188071
ijk_matmul,438,0.190037
ikj_matmul,438,0.189597
ijk_matmul,439,0.19232
ikj_matmul,439,0.191347
ijk_matmul,440,0.192483
ikj_matmul,440,0.192456
ijk_matmul,441,0.194561
ikj_matmul,441,0.194627
ijk_matmul,442,0.196449
ikj_matmul,442,0.195661
ijk_matmul,443,0.222253
ikj_matmul,443,0.197158
ijk_matmul,444,0.202429
ikj_matmul,444,0.198743
ijk_matmul,445,0.20004
ikj_matmul,445,0.200112
ijk_matmul,446,0.200778
ikj_matmul,446,0.200251
ijk_matmul,447,0.202589
ikj_matmul,447,0.202072
ijk_matmul,448,0.204079
ikj_matmul,448,0.20275
ijk_matmul,449,0.205181
ikj_matmul,449,0.204687
ijk_matmul,450,0.206185
ikj_matmul,450,0.206372
ijk_matmul,451,0.208443
ikj_matmul,451,0.206955
ijk_matmul,452,0.208773
ikj_matmul,452,0.208441
ijk_matmul,453,0.211074
ikj_matmul,453,0.209485
ijk_matmul,454,0.216507
ikj_matmul,454,0.212242
ijk_matmul,455,0.235729
ikj_matmul,455,0.214468
ijk_matmul,456,0.214247
ikj_matmul,456,0.215469
ijk_matmul,457,0.216873
ikj_matmul,457,0.217045
ijk_matmul,458,0.217502
ikj_matmul,458,0.218102
ijk_matmul,459,0.219256
ikj_matmul,459,0.222579
ijk_matmul,460,0.224737
ikj_matmul,460,0.219749
ijk_matmul,461,0.250578
ikj_matmul,461,0.221326
ijk_matmul,462,0.252701
ikj_matmul,462,0.222111
ijk_matmul,463,0.253959
ikj_matmul,463,0.224166
ijk_matmul,464,0.25502
ikj_matmul,464,0.225056
ijk_matmul,465,0.257373
ikj_matmul,465,0.227136
ijk_matmul,466,0.258972
ikj_matmul,466,0.227941
ijk_matmul,467,0.260625
ikj_matmul,467,0.230036
ijk_matmul,468,0.262503
ikj_matmul,468,0.231005
ijk_matmul,469,0.239309
ikj_matmul,469,0.234384
ijk_matmul,470,0.235979
ikj_matmul,470,0.234545
ijk_matmul,471,0.23713
ikj_matmul,471,0.236309
ijk_matmul,472,0.238473
ikj_matmul,472,0.237287
ijk_matmul,473,0.240177
ikj_matmul,473,0.23962
ijk_matmul,474,0.241537
ikj_matmul,474,0.240313
ijk_matmul,475,0.243384
ikj_matmul,475,0.241803
ijk_matmul,476,0.244241
ikj_matmul,476,0.242979
ijk_matmul,477,0.246781
ikj_matmul,477,0.245098
ijk_matmul,478,0.247472
ikj_matmul,478,0.246394
ijk_matmul,479,0.249497
ikj_matmul,479,0.248136
ijk_matmul,480,0.250464
ikj_matmul,480,0.249041
ijk_matmul,481,0.25232
ikj_matmul,481,0.251628
ijk_matmul,482,0.259612
ikj_matmul,482,0.252132
ijk_matmul,483,0.255679
ikj_matmul,483,0.254426
ijk_matmul,484,0.256274
ikj_matmul,484,0.255671
ijk_matmul,485,0.258672
ikj_matmul,485,0.257331
ijk_matmul,486,0.261884
ikj_matmul,486,0.258389
ijk_matmul,487,0.261841
ikj_matmul,487,0.261031
ijk_matmul,488,0.28637
ikj_matmul,488,0.262128
ijk_matmul,489,0.29987
ikj_matmul,489,0.263935
ijk_matmul,490,0.301572
ikj_matmul,490,0.265005
ijk_matmul,491,0.303332
ikj_matmul,491,0.26697
ijk_matmul,492,0.305398
ikj_matmul,492,0.268233
ijk_matmul,493,0.307282
ikj_matmul,493,0.270073
ijk_matmul,494,0.308976
ikj_matmul,494,0.273357
ijk_matmul,495,0.30089
ikj_matmul,495,0.274028
ijk_matmul,496,0.301763
ikj_matmul,496,0.276685
ijk_matmul,497,0.278344
ikj_matmul,497,0.278742
ijk_matmul,498,0.279496
ikj_matmul,498,0.280205
ijk_matmul,499,0.282256
ikj_matmul,499,0.281765
ijk_matmul,500,0.282388
ikj_matmul,500,0.283575
ijk_matmul,501,0.285371
ikj_matmul,501,0.285096
ijk_matmul,502,0.286257
ikj_matmul,502,0.286808
ijk_matmul,503,0.29451
ikj_matmul,503,0.288877
ijk_matmul,504,0.289816
ikj_matmul,504,0.290776
ijk_matmul,505,0.291702
ikj_matmul,505,0.292101
ijk_matmul,506,0.292211
ikj_matmul,506,0.293656
ijk_matmul,507,0.294605
ikj_matmul,507,0.295351
ijk_matmul,508,0.295727
ikj_matmul,508,0.295655
ijk_matmul,509,0.298359
ikj_matmul,509,0.297569
ijk_matmul,510,0.304917
ikj_matmul,510,0.299477
ijk_matmul,511,0.341324
ikj_matmul,511,0.301659
ijk_matmul,512,0.332538
ikj_matmul,512,0.304456
ijk_matmul,513,0.305767
ikj_matmul,513,0.305858
ijk_matmul,514,0.307308
ikj_matmul,514,0.306464
ijk_matmul,515,0.310076
ikj_matmul,515,0.309583
ijk_matmul,516,0.311388
ikj_matmul,516,0.311084
ijk_matmul,517,0.315373
ikj_matmul,517,0.314681
ijk_matmul,518,0.316736
ikj_matmul,518,0.316575
ijk_matmul,519,0.318108
ikj_matmul,519,0.319001
ijk_matmul,520,0.32042
ikj_matmul,520,0.320172
ijk_matmul,521,0.322258
ikj_matmul,521,0.321714
ijk_matmul,522,0.338469
ikj_matmul,522,0.323575
ijk_matmul,523,0.368548
ikj_matmul,523,0.325746
ijk_matmul,524,0.328373
ikj_matmul,524,0.32647
ijk_matmul,525,0.3287
ikj_matmul,525,0.326886
ijk_matmul,526,0.330239
ikj_matmul,526,0.330516
ijk_matmul,527,0.331562
ikj_matmul,527,0.332558
ijk_matmul,528,0.333982
ikj_matmul,528,0.332176
ijk_matmul,529,0.336344
ikj_matmul,529,0.336079
ijk_matmul,530,0.33702
ikj_matmul,530,0.337971
ijk_matmul,531,0.342038
ikj_matmul,531,0.338042
ijk_matmul,532,0.381
ikj_matmul,532,0.341868
ijk_matmul,533,0.343274
ikj_matmul,533,0.343691
ijk_matmul,534,0.344804
ikj_matmul,534,0.344317
ijk_matmul,535,0.364014
ikj_matmul,535,0.345608
ijk_matmul,536,0.394138
ikj_matmul,536,0.346685
ijk_matmul,537,0.396157
ikj_matmul,537,0.34937
ijk_matmul,538,0.399329
ikj_matmul,538,0.350707
ijk_matmul,539,0.377297
ikj_matmul,539,0.355761
ijk_matmul,540,0.356482
ikj_matmul,540,0.35498
ijk_matmul,541,0.370342
ikj_matmul,541,0.359471
ijk_matmul,542,0.360292
ikj_matmul,542,0.361165
ijk_matmul,543,0.362861
ikj_matmul,543,0.363266
ijk_matmul,544,0.395968
ikj_matmul,544,0.362348
ijk_matmul,545,0.417002
ikj_matmul,545,0.365304
ijk_matmul,546,0.414077
ikj_matmul,546,0.369278
ijk_matmul,547,0.418957
ikj_matmul,547,0.369127
ijk_matmul,548,0.421724
ikj_matmul,548,0.370523
ijk_matmul,549,0.423807
ikj_matmul,549,0.373285
ijk_matmul,550,0.425605
ikj_matmul,550,0.374646
ijk_matmul,551,0.388696
ikj_matmul,551,0.3796
ijk_matmul,552,0.380693
ikj_matmul,552,0.379183
ijk_matmul,553,0.383402
ikj_matmul,553,0.382012
ijk_matmul,554,0.385551
ikj_matmul,554,0.384843
ijk_matmul,555,0.428419
ikj_matmul,555,0.385489
ijk_matmul,556,0.440786
ikj_matmul,556,0.388652
ijk_matmul,557,0.391307
ikj_matmul,557,0.39198
ijk_matmul,558,0.393148
ikj_matmul,558,0.393545
ijk_matmul,559,0.41426
ikj_matmul,559,0.395296
ijk_matmul,560,0.431601
ikj_matmul,560,0.395777
ijk_matmul,561,0.451737
ikj_matmul,561,0.398392
ijk_matmul,562,0.401539
ikj_matmul,562,0.402506
ijk_matmul,563,0.442657
ikj_matmul,563,0.402241
ijk_matmul,564,0.439901
ikj_matmul,564,0.406213
ijk_matmul,565,0.423354
ikj_matmul,565,0.408424
ijk_matmul,566,0.410506
ikj_matmul,566,0.408582
ijk_matmul,567,0.413457
ikj_matmul,567,0.413018
ijk_matmul,568,0.415438
ikj_matmul,568,0.413013
ijk_matmul,569,0.456313
ikj_matmul,569,0.415621
ijk_matmul,570,0.474264
ikj_matmul,570,0.418851
ijk_matmul,571,0.421688
ikj_matmul,571,0.421452
ijk_matmul,572,0.423683
ikj_matmul,572,0.42443
ijk_matmul,573,0.444476
ikj_matmul,573,0.426188
ijk_matmul,574,0.428115
ikj_matmul,574,0.428133
ijk_matmul,575,0.431248
ikj_matmul,575,0.431063
ijk_matmul,576,0.454156
ikj_matmul,576,0.433278
ijk_matmul,577,0.340203
ikj_matmul,577,0.314081
ijk_matmul,578,0.315977
ikj_matmul,578,0.317159
ijk_matmul,579,0.322382
ikj_matmul,579,0.316395
ijk_matmul,580,0.358859
ikj_matmul,580,0.320823
ijk_matmul,581,0.332583
ikj_matmul,581,0.33123
ijk_matmul,582,0.336408
ikj_matmul,582,0.328276
ijk_matmul,583,0.325963
ikj_matmul,583,0.329048
ijk_matmul,584,0.343417
ikj_matmul,584,0.33
ijk_matmul,585,0.381371
ikj_matmul,585,0.331337
ijk_matmul,586,0.331903
ikj_matmul,586,0.334419
ijk_matmul,587,0.361844
ikj_matmul,587,0.343615
ijk_matmul,588,0.372819
ikj_matmul,588,0.514874
ijk_matmul,589,0.365334
ikj_matmul,589,0.348544
ijk_matmul,590,0.348468
ikj_matmul,590,0.341294
ijk_matmul,591,0.346094
ikj_matmul,591,0.342458
ijk_matmul,592,0.34489
ikj_matmul,592,0.3457
ijk_matmul,593,0.347024
ikj_matmul,593,0.346748
ijk_matmul,594,0.35131
ikj_matmul,594,0.346767
ijk_matmul,595,0.359418
ikj_matmul,595,0.353635
ijk_matmul,596,0.380462
ikj_matmul,596,0.352615
ijk_matmul,597,0.380325
ikj_matmul,597,0.360608
ijk_matmul,598,0.484294
ikj_matmul,598,0.484672
ijk_matmul,599,0.486556
ikj_matmul,599,0.486489
ijk_matmul,600,0.488639
ikj_matmul,600,0.489807
ijk_matmul,601,0.532223
ikj_matmul,601,0.49163
ijk_matmul,602,0.493135
ikj_matmul,602,0.492911
ijk_matmul,603,0.495124
ikj_matmul,603,0.496858
ijk_matmul,604,0.498894
ikj_matmul,604,0.496458
ijk_matmul,605,0.501622
ikj_matmul,605,0.52944
ijk_matmul,606,0.503418
ikj_matmul,606,0.501293
ijk_matmul,607,0.505322
ikj_matmul,607,0.506765
ijk_matmul,608,0.509823
ikj_matmul,608,0.50587
ijk_matmul,609,0.511232
ikj_matmul,609,0.511548
ijk_matmul,610,0.515852
ikj_matmul,610,0.510486
ijk_matmul,611,0.516743
ikj_matmul,611,0.516572
ijk_matmul,612,0.523521
ikj_matmul,612,0.519247
ijk_matmul,613,0.52197
ikj_matmul,613,0.518788
ijk_matmul,614,0.588484
ikj_matmul,614,0.52114
ijk_matmul,615,0.565353
ikj_matmul,615,0.527603
ijk_matmul,616,0.541918
ikj_matmul,616,0.526535
ijk_matmul,617,0.601471
ikj_matmul,617,0.530077
ijk_matmul,618,0.604983
ikj_matmul,618,0.531132
ijk_matmul,619,0.601316
ikj_matmul,619,0.537574
ijk_matmul,620,0.539251
ikj_matmul,620,0.536999
ijk_matmul,621,0.542446
ikj_matmul,621,0.54003
ijk_matmul,622,0.544285
ikj_matmul,622,0.544346
ijk_matmul,623,0.554648
ikj_matmul,623,0.547645
ijk_matmul,624,0.622663
ikj_matmul,624,0.546516
ijk_matmul,625,0.628067
ikj_matmul,625,0.550189
ijk_matmul,626,0.631069
ikj_matmul,626,0.554636
ijk_matmul,627,0.558568
ikj_matmul,627,0.557614
ijk_matmul,628,0.560427
ikj_matmul,628,0.56072
ijk_matmul,629,0.563571
ikj_matmul,629,0.56382
ijk_matmul,630,0.606987
ikj_matmul,630,0.565385
ijk_matmul,631,0.568385
ikj_matmul,631,0.569262
ijk_matmul,632,0.573004
ikj_matmul,632,0.568578
ijk_matmul,633,0.650445
ikj_matmul,633,0.571364
ijk_matmul,634,0.652512
ikj_matmul,634,0.573126
ijk_matmul,635,0.654825
ikj_matmul,635,0.577295
ijk_matmul,636,0.596229
ikj_matmul,636,0.582788
ijk_matmul,637,0.661675
ikj_matmul,637,0.584909
ijk_matmul,638,0.587311
ikj_matmul,638,0.588055
ijk_matmul,639,0.590752
ikj_matmul,639,0.591584
ijk_matmul,640,0.625156
ikj_matmul,640,0.590208
ijk_matmul,641,0.596379
ikj_matmul,641,0.594485
ijk_matmul,642,0.598486
ikj_matmul,642,0.59934
ijk_matmul,643,0.602356
ikj_matmul,643,0.600946
ijk_matmul,644,0.60542
ikj_matmul,644,0.604347
ijk_matmul,645,0.610681
ikj_matmul,645,0.607718
ijk_matmul,646,0.610245
ikj_matmul,646,0.609914
ijk_matmul,647,0.613564
ikj_matmul,647,0.612711
ijk_matmul,648,0.621736
ikj_matmul,648,0.616082
ijk_matmul,649,0.699101
ikj_matmul,649,0.618205
ijk_matmul,650,0.652816
ikj_matmul,650,0.617508
ijk_matmul,651,0.665526
ikj_matmul,651,0.624001
ijk_matmul,652,0.65325
ikj_matmul,652,0.627644
ijk_matmul,653,0.648782
ikj_matmul,653,0.629331
ijk_matmul,654,0.635257
ikj_matmul,654,0.62989
ijk_matmul,655,0.669251
ikj_matmul,655,0.63604
ijk_matmul,656,0.672256
ikj_matmul,656,0.638751
ijk_matmul,657,0.728438
ikj_matmul,657,0.641027
ijk_matmul,658,0.689779
ikj_matmul,658,0.672828
ijk_matmul,659,0.648655
ikj_matmul,659,0.647632
ijk_matmul,660,0.662547
ikj_matmul,660,0.649869
ijk_matmul,661,0.65494
ikj_matmul,661,0.654102
ijk_matmul,662,0.659777
ikj_matmul,662,0.656347
ijk_matmul,663,0.720969
ikj_matmul,663,0.65651
ijk_matmul,664,0.748745
ikj_matmul,664,0.659012
ijk_matmul,665,0.675598
ikj_matmul,665,0.666138
ijk_matmul,666,0.670414
ikj_matmul,666,0.667025
ijk_matmul,667,0.671986
ikj_matmul,667,0.668675
ijk_matmul,668,0.674461
ikj_matmul,668,0.67055
ijk_matmul,669,0.678387
ikj_matmul,669,0.677015
ijk_matmul,670,0.756257
ikj_matmul,670,0.676828
ijk_matmul,671,0.774867
ikj_matmul,671,0.680929
ijk_matmul,672,0.778945
ikj_matmul,672,0.682771
ijk_matmul,673,0.782173
ikj_matmul,673,0.687519
ijk_matmul,674,0.740957
ikj_matmul,674,0.688618
ijk_matmul,675,0.79048
ikj_matmul,675,0.6929
ijk_matmul,676,0.794988
ikj_matmul,676,0.694829
ijk_matmul,677,0.799169
ikj_matmul,677,0.698549
ijk_matmul,678,0.802351
ikj_matmul,678,0.700797
ijk_matmul,679,0.800645
ikj_matmul,679,0.707639
ijk_matmul,680,0.782954
ikj_matmul,680,0.707654
ijk_matmul,681,0.809857
ikj_matmul,681,0.71402
ijk_matmul,682,0.821876
ikj_matmul,682,0.713326
ijk_matmul,683,0.841073
ikj_matmul,683,0.71778
ijk_matmul,684,0.822389
ikj_matmul,684,0.719786
ijk_matmul,685,0.80365
ikj_matmul,685,0.727854
ijk_matmul,686,0.746875
ikj_matmul,686,0.729972
ijk_matmul,687,0.743055
ikj_matmul,687,0.742652
ijk_matmul,688,0.767325
ikj_matmul,688,0.736365
ijk_matmul,689,0.838674
ikj_matmul,689,0.740141
ijk_matmul,690,0.842415
ikj_matmul,690,0.742314
ijk_matmul,691,0.747214
ikj_matmul,691,0.743312
ijk_matmul,692,0.748876
ikj_matmul,692,0.749883
ijk_matmul,693,0.753705
ikj_matmul,693,0.751417
ijk_matmul,694,0.756521
ikj_matmul,694,0.75565
ijk_matmul,695,0.822336
ikj_matmul,695,0.756009
ijk_matmul,696,0.776497
ikj_matmul,696,0.762776
ijk_matmul,697,0.766123
ikj_matmul,697,0.766173
ijk_matmul,698,0.769265
ikj_matmul,698,0.768922
ijk_matmul,699,0.772901
ikj_matmul,699,0.771611
ijk_matmul,700,0.775945
ikj_matmul,700,0.776165
ijk_matmul,701,0.813563
ikj_matmul,701,0.779343
ijk_matmul,702,0.781637
ikj_matmul,702,0.778914
ijk_matmul,703,0.786009
ikj_matmul,703,0.786667
ijk_matmul,704,0.827761
ikj_matmul,704,0.790016
ijk_matmul,705,0.792972
ikj_matmul,705,0.793041
ijk_matmul,706,0.860338
ikj_matmul,706,0.791364
ijk_matmul,707,0.904092
ikj_matmul,707,0.796567
ijk_matmul,708,0.909755
ikj_matmul,708,0.797748
ijk_matmul,709,0.914573
ikj_matmul,709,0.802891
ijk_matmul,710,0.92165
ikj_matmul,710,0.808045
ijk_matmul,711,0.833754
ikj_matmul,711,0.812853
ijk_matmul,712,0.81658
ikj_matmul,712,0.812175
ijk_matmul,713,0.820068
ikj_matmul,713,0.816547
ijk_matmul,714,0.826929
ikj_matmul,714,0.819065
ijk_matmul,715,0.827631
ikj_matmul,715,0.823229
ijk_matmul,716,0.829375
ikj_matmul,716,0.829868
ijk_matmul,717,0.898448
ikj_matmul,717,0.831217
ijk_matmul,718,0.920497
ikj_matmul,718,0.836394
ijk_matmul,719,0.84092
ikj_matmul,719,0.838138
ijk_matmul,720,0.844305
ikj_matmul,720,0.843955
ijk_matmul,721,0.886287
ikj_matmul,721,0.844317
ijk_matmul,722,0.963762
ikj_matmul,722,0.850286
ijk_matmul,723,0.857506
ikj_matmul,723,0.854224
ijk_matmul,724,0.924215
ikj_matmul,724,0.853391
ijk_matmul,725,0.97988
ikj_matmul,725,0.859365
ijk_matmul,726,0.866208
ikj_matmul,726,0.864433
ijk_matmul,727,0.961046
ikj_matmul,727,0.868248
ijk_matmul,728,0.968689
ikj_matmul,728,0.867487
ijk_matmul,729,0.959915
ikj_matmul,729,0.876852
ijk_matmul,730,0.889909
ikj_matmul,730,0.879636
ijk_matmul,731,0.901752
ikj_matmul,731,0.878703
ijk_matmul,732,1.00805
ikj_matmul,732,0.886284
ijk_matmul,733,1.01433
ikj_matmul,733,0.890305
ijk_matmul,734,1.01742
ikj_matmul,734,0.894029
ijk_matmul,735,0.907701
ikj_matmul,735,0.894594
ijk_matmul,736,0.912015
ikj_matmul,736,0.900333
ijk_matmul,737,0.946728
ikj_matmul,737,0.906908
ijk_matmul,738,1.01371
ikj_matmul,738,0.90732
ijk_matmul,739,0.937887
ikj_matmul,739,0.911861
ijk_matmul,740,1.03785
ikj_matmul,740,0.911311
ijk_matmul,741,1.01492
ikj_matmul,741,0.920456
ijk_matmul,742,0.93901
ikj_matmul,742,0.923621
ijk_matmul,743,1.01401
ikj_matmul,743,0.926435
ijk_matmul,744,1.05446
ikj_matmul,744,0.930538
ijk_matmul,745,1.06133
ikj_matmul,745,0.935412
ijk_matmul,746,1.03044
ikj_matmul,746,0.938246
ijk_matmul,747,1.07366
ikj_matmul,747,0.941967
ijk_matmul,748,1.07751
ikj_matmul,748,0.945516
ijk_matmul,749,1.08363
ikj_matmul,749,0.950409
ijk_matmul,750,1.00511
ikj_matmul,750,0.947675
ijk_matmul,751,1.08951
ikj_matmul,751,0.953583
ijk_matmul,752,1.08743
ikj_matmul,752,0.960762
ijk_matmul,753,1.06765
ikj_matmul,753,0.965204
ijk_matmul,754,1.06447
ikj_matmul,754,0.968786
ijk_matmul,755,1.10235
